Produto,TotalVenda
Tênis,146482.3
Fone de Ouvido,137661.43
Ficção Científica,131442.66999999998
Biografia,127226.96
Camiseta,125812.67
Liquidificador,116757.22
Panela Elétrica,106925.65999999999
Cafeteira,92708.0
Smartwatch,78735.47
Calça Jeans,58927.8
Smartphone,41971.42999999999
Fantasia,35250.67
Notebook,32738.559999999998
